id,fen,side_to_move,solution_moves,pre_eval_cp,best_eval_cp,played_eval_cp,eval_gap_cp,heuristic_difficulty,is_mate,source_game,created_at,label_good
1,r1bqkb1r/pp1p1ppp/2n2n2/2p1p3/2P4P/2N1P3/PP1PNPP1/R1BQKB1R b KQkq - 3 5,b,"[""d7d5""]",-49,60,-61,121,1000.0,0,cahxree_2024_2025.pgn#0#ply10,2025-12-02 21:16:25,0
2,r1bqk2r/1p1p1ppp/p1nb4/2p1p3/2P1N2P/4P3/PP1P1PP1/R1BQKB1R b KQkq - 0 8,b,"[""d6e7""]",-28,17,-46,63,1000.0,0,cahxree_2024_2025.pgn#0#ply16,2025-12-02 21:16:26,0
3,r1b1k2r/1pbpq1pp/p1n5/2p1ppN1/2P4P/1P2P3/PB1P1PP1/R2QKB1R b KQkq - 1 11,b,"[""g7g6""]",-51,39,-43,82,1000.0,0,cahxree_2024_2025.pgn#0#ply22,2025-12-02 21:16:28,0
4,r4k1r/1pbbq1p1/p1np3p/2p1ppNQ/2P4P/PP2P3/1B1PBPP1/R3K2R b KQ - 4 16,b,"[""g7g6""]",-342,375,190,185,1000.0,0,cahxree_2024_2025.pgn#0#ply32,2025-12-02 21:16:30,0
5,r4k1r/1pbb2p1/p1np1q1p/2p1ppNQ/2P2P1P/PP2P3/1B1PB1P1/R3K2R b KQ - 0 17,b,"[""g7g6""]",-281,281,196,85,1000.0,0,cahxree_2024_2025.pgn#0#ply34,2025-12-02 21:16:30,0
6,r3bk1r/1pb3p1/p1npq3/2p1ppP1/2P4P/PP2PQ2/1B1PB1P1/2KR3R b - - 2 20,b,"[""e8h5""]",-306,293,-90,383,1150.0,0,cahxree_2024_2025.pgn#0#ply40,2025-12-02 21:16:32,1
7,r3bk1r/2b3p1/p1np4/1pp2PP1/2P1p2P/PP2P3/1B1PB3/2KR3R b - - 0 23,b,"[""e8h5""]",-143,139,82,57,1000.0,0,cahxree_2024_2025.pgn#0#ply46,2025-12-02 21:16:33,0
8,r3bk1r/2b3p1/p1np4/2p2PP1/2B1p2P/PP2P3/1B1P4/2KR3R b - - 0 24,b,"[""c7d8""]",-32,0,-139,139,1000.0,0,cahxree_2024_2025.pgn#0#ply48,2025-12-02 21:16:34,0
9,r1bq1rk1/1p3ppp/p1nbp3/8/3PB3/5N2/PP3PPP/R1BQR1K1 b - - 0 12,b,"[""h7h6""]",57,-53,-122,69,1000.0,0,cahxree_2024_2025.pgn#1#ply24,2025-12-02 21:16:40,0
10,r1b1qrk1/6pp/p1p1p3/4Pp2/8/4B3/PP3PPP/R2QR1K1 b - - 2 16,b,"[""f8f7""]",46,-49,-157,108,1000.0,0,cahxree_2024_2025.pgn#1#ply32,2025-12-02 21:16:41,0
11,r3r1k1/6pp/2p1p1q1/p1B1Pp2/1Pb5/P5Q1/5PPP/R3R1K1 b - - 4 21,b,"[""g6g3""]",-6,1,-68,69,1000.0,0,cahxree_2024_2025.pgn#1#ply42,2025-12-02 21:16:44,0
12,r3r1k1/5qpp/2p1p3/p1BbPp2/1P3P1P/P5Q1/6P1/R3R1K1 b - - 0 23,b,"[""e8b8""]",-103,118,37,81,1000.0,0,cahxree_2024_2025.pgn#1#ply46,2025-12-02 21:16:45,0
13,r3r1k1/5qp1/2p1p2p/p1BbPp1P/1P3P1Q/P7/6P1/R3R1K1 b - - 1 26,b,"[""g8h7""]",-143,164,82,82,1000.0,0,cahxree_2024_2025.pgn#1#ply52,2025-12-02 21:16:46,0
14,r3r1k1/1q4p1/2p1p2p/p1BbPp1P/1P3P1Q/P7/6P1/2R1R1K1 b - - 3 27,b,"[""a5b4""]",-241,265,64,201,1000.0,0,cahxree_2024_2025.pgn#1#ply54,2025-12-02 21:16:47,1
15,2r1r1k1/6p1/2p1p2p/pqBbPp1P/1P3P1Q/P5R1/6P1/4R1K1 b - - 7 29,b,"[""c8c7""]",-78,67,-339,406,1150.0,0,cahxree_2024_2025.pgn#1#ply58,2025-12-02 21:16:48,0
16,2r1r3/6pk/2p1p1Rp/p1BbPp1P/1Pq2P1Q/P3R3/6P1/6K1 b - - 11 31,b,"[""e8g8""]",72,-161,-100000,99839,1150.0,0,cahxree_2024_2025.pgn#1#ply62,2025-12-02 21:16:49,0
17,rnbqkbnr/ppp1pppp/8/3p4/4P3/5N2/PPPP1PPP/RNBQKB1R b KQkq - 0 2,b,"[""d5e4""]",-92,94,-44,138,1000.0,0,cahxree_2024_2025.pgn#2#ply4,2025-12-02 21:16:50,0
18,rn2kb1r/ppp1pppp/5n2/3q4/6b1/5N1P/PPPPBPP1/RNBQK2R b KQkq - 0 5,b,"[""g4f3""]",31,-37,-100,63,1000.0,0,cahxree_2024_2025.pgn#2#ply10,2025-12-02 21:16:51,0
19,rn2kb1r/ppp1pppp/5n2/3q3b/8/3P1N1P/PPP1BPP1/RNBQK2R b KQkq - 0 6,b,"[""b8c6""]",11,-7,-66,59,1000.0,0,cahxree_2024_2025.pgn#2#ply12,2025-12-02 21:16:52,0
20,r2q1rk1/pp3pp1/3pp2p/3n4/3n4/P2P3P/1PPB1PPN/R2Q1RK1 b - - 4 16,b,"[""e6e5""]",-30,38,-66,104,1000.0,0,cahxree_2024_2025.pgn#2#ply32,2025-12-02 21:16:56,0
21,r4rk1/2q2pp1/3pp2p/pp1n4/3P2Pn/P1P3QP/1P1B1P1N/R4RK1 b - - 2 21,b,"[""h4g6""]",-86,86,17,69,1000.0,0,cahxree_2024_2025.pgn#2#ply42,2025-12-02 21:16:59,0
22,r4rk1/2q5/3ppp1p/pp1n2p1/3P1PPn/P1P3QP/1P1B3N/4RRK1 b - - 1 23,b,"[""e6e5""]",-33,26,-41,67,1000.0,0,cahxree_2024_2025.pgn#2#ply46,2025-12-02 21:17:00,0
23,4rrk1/8/3ppp1p/pp1n2p1/2qP1PPP/P1P2RQ1/1P1B4/4R1K1 b - - 0 26,b,"[""d5f4""]",26,-17,-92,75,1000.0,0,cahxree_2024_2025.pgn#2#ply52,2025-12-02 21:17:01,0
24,4rrk1/8/3p3p/pp2pPp1/2q2nPP/P1P2R2/1P1B1Q2/4R1K1 b - - 2 29,b,"[""h6h5""]",-138,157,35,122,1000.0,0,cahxree_2024_2025.pgn#2#ply58,2025-12-02 21:17:03,0
25,r1bqkb1r/1ppp1pp1/p1n2n1p/4p3/2PP4/2N1PN2/PPQ2PPP/R1B1KB1R b KQkq - 0 6,b,"[""e5d4""]",12,-18,-118,100,1000.0,0,cahxree_2024_2025.pgn#3#ply12,2025-12-02 21:17:05,0
26,r1bqkb1r/1ppp1pp1/p4n1p/4p3/1nPP4/1QN1PN2/PP3PPP/R1B1KB1R b KQkq - 2 7,b,"[""e5d4""]",72,-71,-135,64,1000.0,0,cahxree_2024_2025.pgn#3#ply14,2025-12-02 21:17:06,0
27,r1bqkb1r/1ppp1pp1/p4n1p/4N3/1nPPp3/1QN1P3/PP3PPP/R1B1KB1R b KQkq - 1 8,b,"[""c7c5""]",45,-55,-124,69,1000.0,0,cahxree_2024_2025.pgn#3#ply16,2025-12-02 21:17:06,0
28,r1b1kb1r/1pppqpp1/p4n1p/2P1N3/1n1Pp3/1QN1P3/PP3PPP/R1B1KB1R b KQkq - 0 9,b,"[""b4c6""]",131,-136,-233,97,1000.0,0,cahxree_2024_2025.pgn#3#ply18,2025-12-02 21:17:07,0
29,r3kb1r/1p2qpp1/p1p1bn1p/2Pp4/3P4/1QNBPP2/PP4PP/R1B2RK1 b kq - 0 15,b,"[""h6h5""]",213,-183,-248,65,1000.0,0,cahxree_2024_2025.pgn#3#ply30,2025-12-02 21:17:10,0
30,r3kb1r/1p2qppn/p1p1b2p/2Pp4/3P3P/1QNBPP2/PP4P1/R1B2RK1 b kq - 0 16,b,"[""g7g5""]",144,-135,-274,139,1000.0,0,cahxree_2024_2025.pgn#3#ply32,2025-12-02 21:17:10,0
31,2r1k2r/4bppn/BQp1b2p/2Pp4/3P3q/2N1PP2/PP4P1/R1B2RK1 b k - 2 19,b,"[""e7d8""]",-57,-19,-333,314,1150.0,0,cahxree_2024_2025.pgn#3#ply38,2025-12-02 21:17:12,0
32,3r1rk1/3bbppn/B6p/2P5/3PQ2q/2N1PP2/PP4P1/R1B2RK1 b - - 2 22,b,"[""h4f6""]",430,-429,-828,399,1150.0,0,cahxree_2024_2025.pgn#3#ply44,2025-12-02 21:17:13,0
33,r1bqr1k1/pp2bpp1/2n2n1p/2pp4/8/P2P1N1P/BPPQ1PP1/RNB2RK1 b - - 4 11,b,"[""c8e6""]",-191,181,122,59,1000.0,0,cahxree_2024_2025.pgn#4#ply22,2025-12-02 21:17:18,0
34,r1b1r1k1/ppq1bpp1/2n4p/2pB4/3p4/P2P1N1P/1PPQ1PP1/R1B2RK1 b - - 0 14,b,"[""e7d6""]",-78,93,33,60,1000.0,0,cahxree_2024_2025.pgn#4#ply28,2025-12-02 21:17:20,0
35,r1b1r1k1/p3bpp1/1pnq3p/2p5/3p1Q2/P2P1N1P/BPP2PP1/R1B2RK1 b - - 1 16,b,"[""c8e6""]",-13,17,-350,367,1150.0,0,cahxree_2024_2025.pgn#4#ply32,2025-12-02 21:17:21,0
36,r5k1/pb3pp1/1pnb3p/2p5/8/P1PP3P/B3rPPN/R1B2RK1 b - - 0 20,b,"[""d6e5""]",-264,301,239,62,1000.0,0,cahxree_2024_2025.pgn#4#ply40,2025-12-02 21:17:23,0
37,4r1k1/pn3pp1/1p1b3p/8/8/P2rB2P/5PPN/R4RK1 b - - 2 27,b,"[""b7a5""]",-255,255,141,114,1000.0,0,cahxree_2024_2025.pgn#4#ply54,2025-12-02 21:17:26,0
38,6k1/R4pp1/1p5p/2n5/8/7P/5PP1/4rNK1 b - - 2 32,b,"[""b6b5""]",-241,213,78,135,1000.0,0,cahxree_2024_2025.pgn#4#ply64,2025-12-02 21:17:29,0
39,8/6p1/5p2/4n2p/4R2P/5P2/5kPK/1r6 b - - 10 47,b,"[""e5d3""]",-611,604,527,77,1050.0,0,cahxree_2024_2025.pgn#4#ply94,2025-12-02 21:17:36,0
40,8/6p1/5p2/4n2p/R6P/5P2/5kPK/4r3 b - - 12 48,b,"[""e1e2""]",-613,617,425,192,1050.0,0,cahxree_2024_2025.pgn#4#ply96,2025-12-02 21:17:36,0
41,r1b1kbnr/p3pppp/2p5/2p5/4P3/5N2/PPP2PPP/RNBK3R b kq - 0 7,b,"[""g8f6""]",26,-28,-119,91,1000.0,0,cahxree_2024_2025.pgn#5#ply14,2025-12-02 21:17:40,0
42,2r2rk1/p3bppp/2p1pn2/2p1N1B1/4P3/5P1P/PPP1KP2/R6R b - - 7 14,b,"[""f6d5""]",110,-114,-189,75,1000.0,0,cahxree_2024_2025.pgn#5#ply28,2025-12-02 21:17:43,0
43,2r2rk1/p3bp2/2p1pn1p/2p1N1p1/4P3/5PBP/PPP1KP2/R6R b - - 1 16,b,"[""f6h5""]",98,-102,-235,133,1000.0,0,cahxree_2024_2025.pgn#5#ply32,2025-12-02 21:17:44,0
44,2r2rk1/p7/2p1p2p/2p1Pppn/2N5/5PPP/PPP1K3/R5R1 b - - 0 20,b,"[""f8d8""]",105,-106,-170,64,1000.0,0,cahxree_2024_2025.pgn#5#ply40,2025-12-02 21:17:46,0
45,2r2rk1/p7/2p1p2p/2p1P1p1/2N2pP1/5PnP/PPP2K2/R5R1 b - - 2 22,b,"[""f8d8""]",68,-72,-234,162,1000.0,0,cahxree_2024_2025.pgn#5#ply44,2025-12-02 21:17:47,0
46,1r1r2k1/8/2p1p2p/p1p1P1p1/2N2pP1/1PP2PnP/P4K2/3R2R1 b - - 1 27,b,"[""d8d5""]",10,-6,-284,278,1000.0,0,cahxree_2024_2025.pgn#5#ply54,2025-12-02 21:17:49,0
47,rn1qkbnr/ppp2ppp/4p3/4Pb2/2Bp4/3P1N2/PPP2PPP/RNBQK2R b KQkq - 0 5,b,"[""a7a6""]",-21,23,-46,69,1000.0,0,cahxree_2024_2025.pgn#6#ply10,2025-12-02 21:17:58,0
48,rn1qkb1r/pp2nppp/4p3/2p1Pb2/2BpN3/3P1N2/PPP2PPP/R1BQK2R b KQkq - 3 7,b,"[""f5e4""]",-41,41,-12,53,1000.0,0,cahxree_2024_2025.pgn#6#ply14,2025-12-02 21:17:59,0
49,rn1qkb1r/pp3ppp/4p3/1BpnPb2/3pN3/3P1N2/PPP2PPP/R1BQK2R b KQkq - 5 8,b,"[""b8d7""]",-14,7,-66,73,1000.0,0,cahxree_2024_2025.pgn#6#ply16,2025-12-02 21:17:59,0
50,r2qk2r/p3bppp/2p1p3/2pnPb2/2PpN3/3P1N2/PP3PPP/R1BQ1RK1 b kq c3 0 11,b,"[""d4c3""]",-14,29,-118,147,1000.0,0,cahxree_2024_2025.pgn#6#ply22,2025-12-02 21:18:01,0
51,r2qk2r/p3bppp/1np1p3/2p1Pb2/2PpN3/3P1N2/PP2QPPP/R1B2RK1 b kq - 2 12,b,"[""b6d7""]",91,-92,-176,84,1000.0,0,cahxree_2024_2025.pgn#6#ply24,2025-12-02 21:18:01,0
52,r2q1rk1/p3bppp/1np1p3/2p1P3/2Pp2Q1/3P1N2/PP3PPP/R1B2RK1 b - - 2 14,b,"[""g8h8""]",165,-161,-219,58,1000.0,0,cahxree_2024_2025.pgn#6#ply28,2025-12-02 21:18:02,0
53,r5k1/p1q1b1pp/1np1pr2/2p1N3/2Pp2Q1/3P4/PP3PPP/R1B1R1K1 b - - 3 17,b,"[""b6d7""]",87,-115,-250,135,1000.0,0,cahxree_2024_2025.pgn#6#ply34,2025-12-02 21:18:03,0
54,r5k1/p1q1b1pp/1np1p3/2p1r3/2PpRBQ1/3P4/PP3PPP/R5K1 b - - 1 19,b,"[""e5e4""]",-453,440,-461,901,1200.0,0,cahxree_2024_2025.pgn#6#ply38,2025-12-02 21:18:04,1
55,rnbqk1nr/pp1pppbp/6p1/2p5/3P1B2/2N1P3/PPP2PPP/R2QKBNR b KQkq - 0 4,b,"[""g8f6""]",9,-9,-238,229,1000.0,0,cahxree_2024_2025.pgn#7#ply8,2025-12-02 21:18:06,0
56,rnbqkb1r/pppp1ppp/5n2/4p3/2P5/2N5/PPQPPPPP/R1B1KBNR b KQkq - 3 3,b,"[""b8c6""]",-12,14,-37,51,1000.0,0,cahxree_2024_2025.pgn#8#ply6,2025-12-02 21:18:09,0
57,r1bq1rk1/ppp2p1p/2np2p1/2b1p3/2P4P/3BPQ2/PP1P1PP1/R1B1K1NR b KQ - 1 9,b,"[""f7f5""]",-124,141,22,119,1000.0,0,cahxree_2024_2025.pgn#8#ply18,2025-12-02 21:18:12,0
58,r1bqr1k1/ppp2p1p/2np2p1/2b1p3/2P4P/3BPQ1N/PP1P1PP1/R1B1K2R b KQ - 3 10,b,"[""d8h4""]",-170,179,69,110,1000.0,0,cahxree_2024_2025.pgn#8#ply20,2025-12-02 21:18:12,0
59,r2q2k1/ppp2p1p/3p2p1/2b2b2/1nP2Q1P/4P2N/PP1P1PP1/R1B2RK1 b - - 4 14,b,"[""d6d5""]",0,0,-227,227,1000.0,0,cahxree_2024_2025.pgn#8#ply28,2025-12-02 21:18:14,0
60,r2q2k1/ppp2p1p/3p2p1/2b5/1nP2Q1P/4P2P/PP1P1P2/R1B2RK1 b - - 0 15,b,"[""d6d5""]",192,-190,-317,127,1000.0,0,cahxree_2024_2025.pgn#8#ply30,2025-12-02 21:18:14,0
61,4r1k1/ppp2p1p/3b2p1/3q4/1P5P/P2nP2P/3P1PQ1/R1B2RK1 b - - 2 20,b,"[""d5c4""]",-38,22,-87,109,1000.0,0,cahxree_2024_2025.pgn#8#ply40,2025-12-02 21:18:17,0
62,4r1k1/ppp2p1p/3b2p1/4nq2/1P2P2P/P6P/3P1PQ1/1RB2RK1 b - - 0 22,b,"[""e5f3""]",-617,620,-226,846,1200.0,0,cahxree_2024_2025.pgn#8#ply44,2025-12-02 21:18:18,1
63,4r1k1/ppp1bp1p/6p1/4P3/1P1P2P1/P2n4/5P2/1RB2RK1 b - - 0 27,b,"[""d3c1""]",404,-411,-475,64,1000.0,0,cahxree_2024_2025.pgn#8#ply54,2025-12-02 21:18:20,0
64,rnbqk2r/pp1pppbp/6p1/2pPP3/4n3/2P2N2/PP3PPP/RNBQKB1R b KQkq - 0 6,b,"[""e7e6""]",176,-188,-342,154,1000.0,0,cahxree_2024_2025.pgn#9#ply12,2025-12-02 21:18:23,0
65,rnbqk2r/pp2ppbp/3p2p1/2pPP3/4n3/2PB1N2/PP3PPP/RNBQK2R b KQkq - 1 7,b,"[""f7f5""]",191,-202,-417,215,1000.0,0,cahxree_2024_2025.pgn#9#ply14,2025-12-02 21:18:24,0
66,rn1qk2r/pp2ppbp/3p2p1/2pPPb2/Q3n3/2PB1N2/PP3PPP/RNB1K2R b KQkq - 3 8,b,"[""b7b5""]",324,-311,-443,132,1000.0,0,cahxree_2024_2025.pgn#9#ply16,2025-12-02 21:18:24,0
67,rn2k2r/pp1qppbp/3p2p1/1BpPPb2/Q3n3/2P2N2/PP3PPP/RNB1K2R b KQkq - 5 9,b,"[""c5c4""]",439,-435,-667,232,1000.0,0,cahxree_2024_2025.pgn#9#ply18,2025-12-02 21:18:25,0
68,r1b2rk1/ppp1qpbp/6p1/3pNp2/3P2P1/1P1PPQ1P/P4P2/RN2K2R b KQ - 3 12,b,"[""c7c5""]",-423,457,302,155,1050.0,0,cahxree_2024_2025.pgn#10#ply24,2025-12-02 21:18:31,0
69,r1b2rk1/pp2qpbp/2p3p1/3pNP2/3P4/1P1PPQ1P/P4P2/RN2K2R b KQ - 0 13,b,"[""c8f5""]",-351,350,273,77,1000.0,0,cahxree_2024_2025.pgn#10#ply26,2025-12-02 21:18:31,0
70,rnbqkbnr/pp1p1ppp/4p3/2p5/4P3/2N2N2/PPPP1PPP/R1BQKB1R b KQkq - 1 3,b,"[""a7a6""]",24,-34,-89,55,1000.0,0,cahxree_2024_2025.pgn#11#ply6,2025-12-02 21:18:33,0
71,4rrk1/pbq2ppp/2p5/2ppb1P1/6QP/2NP4/PPP5/R1B1R1K1 b - - 0 17,b,"[""e5d4""]",-597,602,477,125,1050.0,0,cahxree_2024_2025.pgn#11#ply34,2025-12-02 21:18:40,0
72,2b1r1k1/p4ppp/2p5/2ppq1P1/7P/3P4/PPP1N1Qb/R1BK4 b - - 6 22,b,"[""c8h3""]",-593,611,439,172,1050.0,0,cahxree_2024_2025.pgn#11#ply44,2025-12-02 21:18:42,0
73,2b1r1k1/p4ppp/2p5/3pq1P1/2pP3P/8/PPP1N1Qb/R1BK4 b - - 0 23,b,"[""e5e4""]",-560,572,360,212,1050.0,0,cahxree_2024_2025.pgn#11#ply46,2025-12-02 21:18:43,1
74,2b1r1k1/p4ppp/2pq4/3p2P1/2pP3P/2P5/PP2N1Qb/R1BK4 b - - 0 24,b,"[""d6g6""]",-603,607,500,107,1050.0,0,cahxree_2024_2025.pgn#11#ply48,2025-12-02 21:18:43,0
75,4r1k1/p4ppp/2pq4/3p1bP1/2pP3P/2P5/PP2N1Qb/R1BK4 w - - 1 25,w,"[""b2b3""]",-498,567,486,81,1050.0,0,cahxree_2024_2025.pgn#11#ply49,2025-12-02 21:18:43,0
76,4r1k1/p4ppp/2pq4/3p1bP1/2pP3P/2P5/PP1BN1Qb/R2K4 b - - 2 25,b,"[""d6b8""]",-508,525,408,117,1050.0,0,cahxree_2024_2025.pgn#11#ply50,2025-12-02 21:18:44,0
77,4r1k1/p4ppp/2pq4/3p2P1/2pPb2P/2P5/PP1BNQ1b/R2K4 b - - 4 26,b,"[""f7f6""]",-430,425,360,65,1050.0,0,cahxree_2024_2025.pgn#11#ply52,2025-12-02 21:18:44,0
78,rn1qk1nr/pp3pbp/3p2p1/2pP4/4PPb1/3B1N2/PP4PP/RNBQK2R b KQkq - 2 8,b,"[""g8e7""]",58,-63,-164,101,1000.0,0,cahxree_2024_2025.pgn#12#ply16,2025-12-02 21:18:48,0
79,rn2k1nr/pp3pbp/1q1p2p1/2pP4/4PPb1/2NB1N2/PP4PP/R1BQK2R b KQkq - 4 9,b,"[""g8f6""]",88,-93,-176,83,1000.0,0,cahxree_2024_2025.pgn#12#ply18,2025-12-02 21:18:48,0
80,r3k1nr/pp3pbp/nq1p2p1/2pP4/4PPb1/P1NB1N2/1P4PP/R1BQK2R b KQkq - 0 10,b,"[""c5c4""]",118,-146,-505,359,1150.0,0,cahxree_2024_2025.pgn#12#ply20,2025-12-02 21:18:49,0
81,r3k1nr/ppn2pbp/1q1p2p1/2pP4/4PPb1/P1NB1N2/1P2Q1PP/R1B1K2R b KQkq - 2 11,b,"[""f7f5""]",41,-84,-247,163,1000.0,0,cahxree_2024_2025.pgn#12#ply22,2025-12-02 21:18:49,0
82,r3k1nr/ppn2p1p/1q1p2p1/2pP4/4PPb1/P1PB1N2/4Q1PP/R1B1K2R b KQkq - 0 12,b,"[""g4f3""]",293,-274,-383,109,1000.0,0,cahxree_2024_2025.pgn#12#ply24,2025-12-02 21:18:50,0
83,r3k2r/ppn1np1p/3p2p1/2pP4/4PPb1/PqP2N2/2B1Q1PP/R1B2RK1 b kq - 4 14,b,"[""b3b6""]",336,-341,-522,181,1000.0,0,cahxree_2024_2025.pgn#12#ply28,2025-12-02 21:18:51,0
84,rnbqkbnr/pppp1ppp/8/4p3/2P5/8/PPQPPPPP/RNB1KBNR b KQkq - 1 2,b,"[""b8c6""]",-17,8,-42,50,1000.0,0,cahxree_2024_2025.pgn#13#ply4,2025-12-02 21:18:52,0
85,r1bq1rk1/ppp2pp1/2p4p/8/1PP1n3/P7/1Q1PBPPP/RN2K2R b KQ - 1 11,b,"[""e4g5""]",-128,126,-71,197,1000.0,0,cahxree_2024_2025.pgn#13#ply22,2025-12-02 21:18:57,0
86,r1bq1rk1/ppp2pp1/2p4p/8/1PP5/P7/1Q1PBKPP/RN5R b - - 0 12,b,"[""c8g4""]",99,-82,-210,128,1000.0,0,cahxree_2024_2025.pgn#13#ply24,2025-12-02 21:18:57,0
87,r1b2rk1/ppp2pp1/2p4p/8/1PP5/P4BPq/1Q1P1K1P/RN5R b - - 2 14,b,"[""f7f5""]",96,-107,-220,113,1000.0,0,cahxree_2024_2025.pgn#13#ply28,2025-12-02 21:18:58,0
88,3r1rk1/ppp2pp1/2p1b2p/2P5/1P6/P1N2BPq/1Q1P1K1P/R6R b - - 2 16,b,"[""d8d3""]",145,-159,-306,147,1000.0,0,cahxree_2024_2025.pgn#13#ply32,2025-12-02 21:18:59,0
89,3r1rk1/ppp2pp1/2p4p/2P5/1P4q1/P5P1/1Q1PNK1P/R6R b - - 1 18,b,"[""d8d3""]",-16,15,-382,397,1150.0,0,cahxree_2024_2025.pgn#13#ply36,2025-12-02 21:19:00,0
90,3r1Nk1/pppq2p1/2p4p/2P5/1P3p1P/P5P1/1Q1P1K2/R3R3 b - - 0 23,b,"[""d7g4""]",298,-301,-434,133,1000.0,0,cahxree_2024_2025.pgn#13#ply46,2025-12-02 21:19:03,0
91,4Q1k1/ppp2rp1/2p4p/2P5/1P5P/P3R2K/3q4/6R1 b - - 3 29,b,"[""g8h7""]",538,-540,-100000,99460,1150.0,0,cahxree_2024_2025.pgn#13#ply58,2025-12-02 21:19:05,0
92,r2qk2r/pp2ppbp/3p1np1/4n1B1/4P1b1/2PB1N2/PP1NQPPP/R3K2R b KQkq - 5 10,b,"[""d8a5""]",-13,18,-36,54,1000.0,0,cahxree_2024_2025.pgn#14#ply20,2025-12-02 21:19:10,0
93,r2qk2r/pp2ppbp/3p2p1/4n1Bn/4P1b1/2P2N2/PPBNQPPP/R3K2R b KQkq - 7 11,b,"[""d8a5""]",-49,53,-52,105,1000.0,0,cahxree_2024_2025.pgn#14#ply22,2025-12-02 21:19:11,0
94,r3k2r/pp2ppb1/3p2pp/q3n2n/4P1b1/1BP1BN2/PP1NQPPP/R3K2R b KQkq - 3 13,b,"[""e8g8""]",21,-18,-82,64,1000.0,0,cahxree_2024_2025.pgn#14#ply26,2025-12-02 21:19:12,0
95,r3k2r/pp1bppb1/3p2pp/q6n/4PP2/1BP1B3/PP1NQP1P/R3K2R b KQkq - 0 15,b,"[""d7b5""]",61,-61,-143,82,1000.0,0,cahxree_2024_2025.pgn#14#ply30,2025-12-02 21:20:57,0
96,2r1k2r/pp1bppb1/3p1npp/q7/3BPP2/1BP5/PP1NQP1P/R3K1R1 b Qk - 4 17,b,"[""e8f8""]",133,-142,-242,100,1000.0,0,cahxree_2024_2025.pgn#14#ply34,2025-12-02 21:20:58,0
97,2r1k2r/pp1b1pb1/5npp/q3p3/4P3/1BP1B3/PP1NQP1P/R3K1R1 b Qk - 1 19,b,"[""c8c6""]",68,-81,-278,197,1000.0,0,cahxree_2024_2025.pgn#14#ply38,2025-12-02 21:20:59,0
98,2r2rk1/pp1b1pb1/5nRp/q3p3/4P3/1BP1B3/PP1NQP1P/R3K3 b Q - 0 20,b,"[""g8h8""]",286,-300,-538,238,1000.0,0,cahxree_2024_2025.pgn#14#ply40,2025-12-02 21:20:59,0
99,2r2r1k/p4pb1/7p/qp2pQ2/4P3/1BP1B3/PP1N1P1P/2K3R1 b - - 1 25,b,"[""c8c3""]",505,-482,-683,201,1000.0,0,cahxree_2024_2025.pgn#14#ply50,2025-12-02 21:21:02,0
100,rnbqkbnr/pppppppp/8/8/3P4/8/PPP1PPPP/RNBQKBNR b KQkq - 0 1,b,"[""d7d5""]",33,-31,-81,50,1000.0,0,cahxree_2024_2025.pgn#15#ply2,2025-12-02 21:21:02,0
101,rnbqkbnr/pp1ppppp/8/2P5/8/8/PPP1PPPP/RNBQKBNR b KQkq - 0 2,b,"[""e7e6""]",29,-19,-78,59,1000.0,0,cahxree_2024_2025.pgn#15#ply4,2025-12-02 21:21:02,0
102,rnbqk2r/pp1ppp1p/5np1/2P5/5B2/4PN2/P1PN1PPP/Q3KB1R b Kkq - 2 7,b,"[""b7b6""]",-77,85,-18,103,1000.0,0,cahxree_2024_2025.pgn#15#ply14,2025-12-02 21:21:05,0
103,r1bqk2r/pp1ppp1p/2n2npB/2P5/8/4PN2/P1PN1PPP/Q3KB1R b Kkq - 4 8,b,"[""h8g8""]",-88,90,36,54,1000.0,0,cahxree_2024_2025.pgn#15#ply16,2025-12-02 21:21:05,0
104,r1b1k2r/pp1ppp1p/2n2npB/q1P1N3/8/4P3/P1PN1PPP/Q3KB1R b Kkq - 6 9,b,"[""h8g8""]",-257,247,132,115,1000.0,0,cahxree_2024_2025.pgn#15#ply18,2025-12-02 21:21:06,0
105,r1b1k2r/pp1ppp1p/2n2npB/2q1N3/8/4PN2/P1P2PPP/Q3KB1R b Kkq - 1 10,b,"[""c5a5""]",-396,400,153,247,1050.0,0,cahxree_2024_2025.pgn#15#ply20,2025-12-02 21:21:06,1
106,r1b1k2r/pp2pp1p/2N3pB/3n4/8/4PN2/P1q2PPP/Q3K2R b Kkq - 0 13,b,"[""c2c3""]",-431,446,312,134,1050.0,0,cahxree_2024_2025.pgn#15#ply26,2025-12-02 21:21:08,0
107,r1b1k1r1/pp2pp1p/6pB/3n4/1q1N4/3KPN2/P4PPP/Q6R b q - 8 17,b,"[""b7b6""]",-584,584,513,71,1050.0,0,cahxree_2024_2025.pgn#15#ply34,2025-12-02 21:21:10,0
108,r2qkb1r/1pp1ppp1/p1n5/3p1b1p/3PnB2/P1N1PN1P/1PP1BPP1/R2QK2R b KQkq - 2 8,b,"[""e4c3""]",21,-22,-220,198,1000.0,0,cahxree_2024_2025.pgn#16#ply16,2025-12-02 21:21:14,0
109,r3kb1r/1ppqp1p1/p1n2p2/3p1b1p/3P1B2/P1N1P2P/1PPQBPP1/R4RK1 b kq - 0 11,b,"[""e7e6""]",57,-48,-202,154,1000.0,0,cahxree_2024_2025.pgn#16#ply22,2025-12-02 21:21:15,0
110,2kr1b1r/1pN3p1/p1n2p2/4p2p/3P4/P3P2q/1PPQBP1B/R4RK1 b - - 1 15,b,"[""h8h6""]",0,0,-52,52,1000.0,0,cahxree_2024_2025.pgn#16#ply30,2025-12-02 21:21:17,0
111,3r1b1r/1p4p1/pkn2p2/4P2p/8/P1Q1P2q/1PP1BP1B/R4RK1 b - - 0 17,b,"[""h8h6""]",-52,70,-15,85,1000.0,0,cahxree_2024_2025.pgn#16#ply34,2025-12-02 21:21:18,0
112,3r1b1r/1p4p1/pkn5/4B2p/8/P1Q1P2q/1PP1BP2/R4RK1 b - - 0 18,b,"[""h8h6""]",-537,581,182,399,1200.0,0,cahxree_2024_2025.pgn#16#ply36,2025-12-02 21:21:18,1
113,1k1r3r/1p4p1/p2b4/7p/5P2/P1Q1P2q/1PP1B3/R4RK1 b - - 0 22,b,"[""h3g3""]",-619,609,269,340,1200.0,0,cahxree_2024_2025.pgn#16#ply44,2025-12-02 21:21:20,1
114,1k1r4/1p6/p2b4/7p/5p1q/P1Q1P3/1PPKBRr1/3R4 b - - 7 28,b,"[""h4f2""]",-897,908,625,283,1100.0,0,cahxree_2024_2025.pgn#16#ply56,2025-12-02 21:21:23,1
115,1k6/1p6/p7/7p/5p1q/P1b1P3/1PP3R1/2KB4 b - - 0 31,b,"[""c3f6""]",-708,714,593,121,1050.0,0,cahxree_2024_2025.pgn#16#ply62,2025-12-02 21:21:25,0
116,r1bqkb1r/p2p1ppp/2p1pn2/8/4P3/4BP2/PPP3PP/RN1QKB1R b KQkq - 0 7,b,"[""d8c7""]",-93,90,36,54,1000.0,0,cahxree_2024_2025.pgn#17#ply14,2025-12-02 21:21:28,0
117,r2r2k1/2q1bpp1/b1pp1n1p/p3p3/4P3/PBN1BP2/1PPQ2PP/3RR1K1 b - - 5 16,b,"[""d6d5""]",-102,112,22,90,1000.0,0,cahxree_2024_2025.pgn#17#ply32,2025-12-02 21:21:32,0
118,1r1r2k1/2q1bpp1/b1pp1n1p/p3p3/4P3/PB2BP2/1PPQN1PP/3RR1K1 b - - 7 17,b,"[""d6d5""]",-137,124,-17,141,1000.0,0,cahxree_2024_2025.pgn#17#ply34,2025-12-02 21:21:33,0
119,1r1r2k1/2q2pp1/3b1n1p/p1p1p3/3pPP2/PB4P1/1PP1Q2P/2BR1R1K b - - 0 23,b,"[""e5f4""]",-68,63,-3,66,1000.0,0,cahxree_2024_2025.pgn#17#ply46,2025-12-02 21:21:36,0
120,1r2r1k1/2q2pp1/3b1n1p/p1p1pP2/3pP3/PB4P1/1PP1Q2P/2BR1R1K b - - 0 24,b,"[""b8b3""]",-74,72,-72,144,1000.0,0,cahxree_2024_2025.pgn#17#ply48,2025-12-02 21:21:36,0
121,2r1r1k1/2q2pp1/3b1n1p/p1p1pP2/2BpP3/P5P1/1PP1Q2P/2BR1R1K b - - 2 25,b,"[""c7c6""]",75,-70,-181,111,1000.0,0,cahxree_2024_2025.pgn#17#ply50,2025-12-02 21:21:37,0
122,2r1r1k1/2q2pp1/3b1n1p/2p1pP2/p1BpP1P1/P7/1PP1Q2P/2BR1R1K b - - 0 26,b,"[""g8f8""]",195,-180,-292,112,1000.0,0,cahxree_2024_2025.pgn#17#ply52,2025-12-02 21:21:37,0
123,1r2r1k1/2q2ppn/3b4/2p1pPP1/p1BpP3/P7/1PP1Q3/2BR1R1K b - - 0 29,b,"[""h7g5""]",488,-513,-633,120,1000.0,0,cahxree_2024_2025.pgn#17#ply58,2025-12-02 21:21:39,0
124,rn2kbnr/ppp1pppp/8/q7/6b1/2N2P2/PPPPN1PP/R1BQKB1R b KQkq - 0 5,b,"[""g4d7""]",14,-20,-78,58,1000.0,0,cahxree_2024_2025.pgn#18#ply10,2025-12-02 21:21:41,0
125,rn2kbnr/ppp1pppp/8/q6b/8/2NP1P2/PPP1N1PP/R1BQKB1R b KQkq - 0 6,b,"[""b8c6""]",-12,19,-39,58,1000.0,0,cahxree_2024_2025.pgn#18#ply12,2025-12-02 21:21:41,0
126,rn3rk1/pp3ppp/2p2n2/2q1pN1b/8/2NP1P2/PPP1B1PP/R2QRK2 b - - 4 14,b,"[""c5b6""]",-23,17,-256,273,1000.0,0,cahxree_2024_2025.pgn#18#ply28,2025-12-02 21:21:45,0
127,3r1r1k/pp2Q1pp/2p2np1/q3n3/4P1P1/2N2P2/PPP1B1KP/R3R3 b - - 3 23,b,"[""f6d7""]",-83,57,-52,109,1000.0,0,cahxree_2024_2025.pgn#18#ply46,2025-12-02 21:21:50,0
128,5r1k/pp3rpp/2p2np1/q3n3/4P1P1/1QN2P2/PPP1B1KP/R2R4 b - - 9 26,b,"[""f6g4""]",-407,395,114,281,1000.0,0,cahxree_2024_2025.pgn#18#ply52,2025-12-02 21:21:51,1
129,5r1k/pp3rpp/2p2np1/2q1n3/N3P1P1/1Q3P2/PPP1B1KP/R2R4 b - - 11 27,b,"[""c5e7""]",-135,137,26,111,1000.0,0,cahxree_2024_2025.pgn#18#ply54,2025-12-02 21:21:52,0
130,5r1k/pp3rpp/2p2np1/q3n3/N3P1P1/1Q3P2/PPPRB1KP/R7 b - - 13 28,b,"[""a5d2""]",-767,834,74,760,1250.0,0,cahxree_2024_2025.pgn#18#ply56,2025-12-02 21:21:52,1
131,5r1k/p1q2rpp/2p2np1/1pN1n3/4P1P1/2Q2P2/PPPRB1KP/R7 b - - 3 30,b,"[""f6g4""]",-210,238,-19,257,1000.0,0,cahxree_2024_2025.pgn#18#ply60,2025-12-02 21:21:53,1
132,rnbqk1nr/pp2ppbp/3p2p1/2p5/4P3/2P2N2/PP1PBPPP/RNBQ1RK1 b kq - 1 5,b,"[""g8f6""]",-13,11,-62,73,1000.0,0,cahxree_2024_2025.pgn#19#ply10,2025-12-02 21:21:55,0
133,r2q1rk1/pp1nppbp/5np1/2p1P3/6b1/2P2N2/PPQNBPPP/R1B2RK1 b - - 0 10,b,"[""d7e5""]",-115,114,-53,167,1000.0,0,cahxree_2024_2025.pgn#19#ply20,2025-12-02 21:21:58,0
134,r4rk1/p1nnppbp/6p1/qpp1P3/4QB2/2P2B2/PP3PPP/R4RK1 b - - 2 15,b,"[""a8d8""]",-440,464,367,97,1050.0,0,cahxree_2024_2025.pgn#19#ply30,2025-12-02 21:22:00,0
135,5rk1/p4pbp/3Pp1p1/qpnn4/2p5/P1P2BB1/1PQ2PPP/R5K1 b - - 0 21,b,"[""d5f6""]",-469,479,421,58,1050.0,0,cahxree_2024_2025.pgn#19#ply42,2025-12-02 21:22:03,0
136,5rk1/p5bp/3P2p1/qp1p1p2/2p5/PPPn2B1/2Q2PPP/3R2K1 b - - 0 24,b,"[""a5d8""]",-507,507,403,104,1050.0,0,cahxree_2024_2025.pgn#19#ply48,2025-12-02 21:22:04,0
137,5rk1/p6p/3P1bp1/1p6/5B2/P2p4/5PPP/6K1 b - - 0 30,b,"[""f6c3""]",-820,825,721,104,1100.0,0,cahxree_2024_2025.pgn#19#ply60,2025-12-02 21:22:07,0
138,3r2k1/p6p/3P1bp1/1p6/5B2/P2p4/5PPP/5K2 b - - 2 31,b,"[""f6c3""]",-772,786,726,60,1050.0,0,cahxree_2024_2025.pgn#19#ply62,2025-12-02 21:22:08,0
139,3r2k1/p6p/3P1b2/1p4p1/8/P2p2B1/5PPP/5K2 b - - 1 32,b,"[""f6c3""]",-871,904,802,102,1100.0,0,cahxree_2024_2025.pgn#19#ply64,2025-12-02 21:22:08,0
140,rnbqk1nr/pp1pppbp/6p1/4P3/3P4/8/PP3PPP/RNBQKBNR b KQkq - 0 5,b,"[""d7d6""]",-33,38,-75,113,1000.0,0,cahxree_2024_2025.pgn#20#ply10,2025-12-02 21:22:11,0
141,r1b1k2r/pp1pppbp/2n3pn/q3P3/3P4/2N2N2/PP3PPP/R1BQKB1R b KQkq - 8 9,b,"[""e8g8""]",47,-48,-143,95,1000.0,0,cahxree_2024_2025.pgn#20#ply18,2025-12-02 21:22:13,0
142,r1b2rk1/p2pppbp/6p1/1p6/7P/2N5/PP1BKPP1/R6R b - - 1 17,b,"[""c8b7""]",-460,451,311,140,1050.0,0,cahxree_2024_2025.pgn#20#ply34,2025-12-02 21:22:16,0
143,rnbqkb1r/pp1ppppp/5n2/2p5/3P4/6P1/PPP1PPBP/RNBQK1NR b KQkq - 0 3,b,"[""c5d4""]",-30,44,-78,122,1000.0,0,cahxree_2024_2025.pgn#21#ply6,2025-12-02 21:22:19,0
144,r1bq1rk1/pp1p1ppp/2n1pn2/2b5/8/P4NP1/2PNPPBP/R1BQ1RK1 b - - 3 9,b,"[""b7b6""]",-158,179,109,70,1000.0,0,cahxree_2024_2025.pgn#21#ply18,2025-12-02 21:22:22,0
145,r2q1rk1/pp3pp1/2nb1n1p/3pp3/6b1/PN3NP1/1BPQPPBP/R4RK1 b - - 3 14,b,"[""a8c8""]",-291,291,144,147,1000.0,0,cahxree_2024_2025.pgn#21#ply28,2025-12-02 21:22:25,0
146,r2q1rk1/pp3pp1/2nb1n1p/3p4/4p3/PN4P1/1BPQPPBP/R4RK1 b - - 1 16,b,"[""d6e5""]",-196,218,78,140,1000.0,0,cahxree_2024_2025.pgn#21#ply32,2025-12-02 21:22:26,0
147,r2q1rk1/pp3pp1/2nb3p/3Q4/4p1n1/PN4P1/1BP1PPBP/R4RK1 b - - 0 17,b,"[""d6g3""]",-168,171,-296,467,1150.0,0,cahxree_2024_2025.pgn#21#ply34,2025-12-02 21:22:26,0
148,r4rk1/pp3pp1/1qn4p/8/4pQn1/PN4P1/1BP1PPB1/R2R2K1 b - - 2 20,b,"[""f7f5""]",437,-423,-584,161,1000.0,0,cahxree_2024_2025.pgn#21#ply40,2025-12-02 21:22:28,0
149,r3kb1r/pp1n1ppp/2p1p3/8/3P2q1/3BB3/PP1Q1P1P/R4R1K b kq - 7 20,b,"[""g4f3""]",-374,395,275,120,1000.0,0,cahxree_2024_2025.pgn#22#ply40,2025-12-02 21:22:38,0
150,r3k2r/pp3pR1/2pbp2p/7n/3P1P1q/3B4/PP1Q1B1P/R6K b kq - 2 25,b,"[""h4h3""]",-323,341,267,74,1000.0,0,cahxree_2024_2025.pgn#22#ply50,2025-12-02 21:22:41,0
151,r3k2r/pp3pR1/2pbp2p/8/3PBn2/8/PP3B1P/R6K b kq - 1 27,b,"[""f4h3""]",-345,363,275,88,1000.0,0,cahxree_2024_2025.pgn#22#ply54,2025-12-02 21:22:42,0
152,2kr3r/pp3p2/2pbp2p/7n/3PB3/8/PP3BRP/6RK b - - 5 29,b,"[""h5f4""]",-349,377,270,107,1000.0,0,cahxree_2024_2025.pgn#22#ply58,2025-12-02 21:22:43,0
153,2kr3r/pp3p2/2pbpn1p/8/3P4/5B2/PP3BRP/6RK b - - 7 30,b,"[""d6e7""]",-261,269,158,111,1000.0,0,cahxree_2024_2025.pgn#22#ply60,2025-12-02 21:22:43,0
154,2kr4/pp2bpR1/2p1pn1p/8/3P3B/5B2/PP5P/7K b - - 2 33,b,"[""f6e8""]",-381,389,238,151,1000.0,0,cahxree_2024_2025.pgn#22#ply66,2025-12-02 21:22:45,0
155,2k5/pp2R3/2p1pn1p/8/7r/5B2/PP5P/7K b - - 0 35,b,"[""f6g4""]",-274,257,177,80,1000.0,0,cahxree_2024_2025.pgn#22#ply70,2025-12-02 21:22:46,0
156,2k5/pp2R3/2p1pn1p/8/2B1r3/8/PP5P/7K b - - 4 37,b,"[""e4c4""]",-542,535,472,63,1050.0,0,cahxree_2024_2025.pgn#22#ply74,2025-12-02 21:22:47,0
157,r2qk1nr/1ppbbppp/p2pp3/8/3PP3/2N2N2/PPP2PPP/R1BQ1RK1 b kq - 1 7,b,"[""g8f6""]",7,-2,-74,72,1000.0,0,cahxree_2024_2025.pgn#23#ply14,2025-12-02 21:22:50,0
158,r2qk1nr/1ppbbp1p/p3p3/3pP1p1/3P4/2N2N1P/PPP2PP1/R1BQ1RK1 b kq - 0 9,b,"[""h7h5""]",-10,14,-78,92,1000.0,0,cahxree_2024_2025.pgn#23#ply18,2025-12-02 21:22:51,0
159,r2qk1nr/1p1bbp1p/p3p3/2ppP1p1/3P4/2N1BN1P/PPP2PP1/R2Q1RK1 b kq - 1 10,b,"[""h7h5""]",-33,34,-100,134,1000.0,0,cahxree_2024_2025.pgn#23#ply20,2025-12-02 21:22:51,0
160,r2qk1nr/1p1bbp2/p3p3/3pP2p/3N4/2N1B2P/PPPQ1P2/3R1RK1 b kq - 0 14,b,"[""d8c7""]",13,-10,-83,73,1000.0,0,cahxree_2024_2025.pgn#23#ply28,2025-12-02 21:22:53,0
161,2rqk1nr/3b1p2/p3p3/1p1pP2p/3B4/P1NQ3P/1PP2P1K/3R1R2 b k - 0 18,b,"[""g8h6""]",31,-41,-96,55,1000.0,0,cahxree_2024_2025.pgn#23#ply36,2025-12-02 21:22:55,0
162,2rqk2r/3bnp2/p3p3/1p1pP2p/3B4/P2Q3P/1PP1NP1K/3R1R2 b k - 2 19,b,"[""e7f5""]",80,-87,-172,85,1000.0,0,cahxree_2024_2025.pgn#23#ply38,2025-12-02 21:22:56,0
163,2rqk2r/3b1p2/p3p3/1p1pP3/3B3p/P2Q3P/1PP2P1K/3R1R2 b k - 0 22,b,"[""d8g5""]",167,-156,-244,88,1000.0,0,cahxree_2024_2025.pgn#23#ply44,2025-12-02 21:22:57,0
164,2r1k2r/2qb1p2/p3p3/1p1pP3/3B3p/P1PQ3P/1P3P1K/3R1R2 b k - 0 23,b,"[""b5b4""]",234,-247,-322,75,1000.0,0,cahxree_2024_2025.pgn#23#ply46,2025-12-02 21:22:58,0
165,r1b1k1nr/ppq1ppb1/2np2pp/8/4P3/2P1BN2/PP1NBPPP/2RQ1RK1 b kq - 1 10,b,"[""g8f6""]",6,-3,-184,181,1000.0,0,cahxree_2024_2025.pgn#24#ply20,2025-12-02 21:23:02,0
166,r1b1kbnr/ppq2p2/2np2pp/4p3/2N1P3/2P1BN2/PP1QBPPP/2R2RK1 b kq - 3 12,b,"[""g8f6""]",48,-49,-268,219,1000.0,0,cahxree_2024_2025.pgn#24#ply24,2025-12-02 21:23:03,0
167,r1b1kbnr/2q2p2/p1np2pp/1p2p3/4P3/N1P1BN2/PP1QBPPP/2RR2K1 b kq - 1 14,b,"[""g8f6""]",218,-191,-351,160,1000.0,0,cahxree_2024_2025.pgn#24#ply28,2025-12-02 21:23:04,0
168,3rkb1r/2q2p2/p1n2npp/1p1bp3/1P6/N1P1BN2/PQ2BPPP/2RR2K1 b k - 3 19,b,"[""d5f3""]",178,-161,-219,58,1000.0,0,cahxree_2024_2025.pgn#24#ply38,2025-12-02 21:23:07,0
169,3rk2r/2q2pb1/p1n2npp/1p2p3/1PP5/N3BB2/PQ3PPP/2RR2K1 b k - 0 21,b,"[""e8g8""]",111,-122,-271,149,1000.0,0,cahxree_2024_2025.pgn#24#ply42,2025-12-02 21:23:08,0
170,3rk2r/2q2pb1/p1n2npp/1P6/1P2p3/N3BB2/PQ3PPP/2RR2K1 b k - 0 22,b,"[""e8g8""]",77,-82,-396,314,1150.0,0,cahxree_2024_2025.pgn#24#ply44,2025-12-02 21:23:08,0
171,4k2r/2q2pb1/p1n2npp/1P6/1P2p3/N3B3/PQ3PPP/2RB2K1 b k - 0 23,b,"[""a6b5""]",375,-404,-528,124,1000.0,0,cahxree_2024_2025.pgn#24#ply46,2025-12-02 21:23:09,0
172,rnbq1rk1/ppp1bppp/3p1n2/8/3NP3/1PN5/PBP2PPP/R2QKB1R b KQ - 2 7,b,"[""d6d5""]",-30,27,-145,172,1000.0,0,cahxree_2024_2025.pgn#25#ply14,2025-12-02 21:23:13,0
173,rn1q1rk1/p1p1bppp/1p1p1n2/5P2/8/1PN5/PBP2PPP/R2QKB1R b KQ - 0 9,b,"[""d6d5""]",26,-29,-195,166,1000.0,0,cahxree_2024_2025.pgn#25#ply18,2025-12-02 21:23:14,0
174,r2q1rk1/p2nbppp/1p1p4/2p2P2/4Q3/1P6/PBP2PPP/R3KB1R b KQ - 0 12,b,"[""f8e8""]",-451,435,18,417,1200.0,0,cahxree_2024_2025.pgn#25#ply24,2025-12-02 21:23:15,1
175,r1bqkb1r/p2p1ppp/2p2n2/4p3/2B1P3/2N5/PPP2PPP/R1BQK2R b KQkq - 3 7,b,"[""f8b4""]",-21,17,-138,155,1000.0,0,cahxree_2024_2025.pgn#26#ply14,2025-12-02 21:23:19,0
176,r3k2r/p2bbppp/2p5/4p3/4B3/4B3/PPP1KPPP/R6R b kq - 4 13,b,"[""f7f5""]",-18,16,-86,102,1000.0,0,cahxree_2024_2025.pgn#26#ply26,2025-12-02 21:23:22,0
177,r4rk1/p2bbppp/2p5/4p3/4B3/4B3/PPP1KPPP/R2R4 b - - 6 14,b,"[""d7g4""]",55,-50,-281,231,1000.0,0,cahxree_2024_2025.pgn#26#ply28,2025-12-02 21:23:23,0
178,r2r2k1/p2bbppp/2p5/4p3/4B3/4BP2/PPP1K1PP/R2R4 b - - 0 15,b,"[""a8b8""]",118,-108,-290,182,1000.0,0,cahxree_2024_2025.pgn#26#ply30,2025-12-02 21:23:23,0
179,B2r2k1/4bppp/p7/4p3/8/4BP2/PPP1K1PP/R7 b - - 0 18,b,"[""d8a8""]",301,-308,-562,254,1000.0,0,cahxree_2024_2025.pgn#26#ply36,2025-12-02 21:23:24,0
180,r2qkbnr/1b1n1ppp/pp1pp3/2p1P3/P4B2/2NP1N2/1PP1BPPP/R2QK2R b KQkq - 0 8,b,"[""d6e5""]",-109,108,23,85,1000.0,0,cahxree_2024_2025.pgn#27#ply16,2025-12-02 21:23:29,0
181,r2qkbnr/1b1n1ppp/pp2p3/2ppP3/P4B2/2NP1N2/1PP1BPPP/R2Q1RK1 b kq - 1 9,b,"[""g8e7""]",-72,51,-1,52,1000.0,0,cahxree_2024_2025.pgn#27#ply18,2025-12-02 21:23:29,0
182,r2qk1nr/1b1nbppp/pp2p3/2ppP3/P4B2/2NP1N2/1PP1BPPP/R2QR1K1 b kq - 3 10,b,"[""g7g5""]",-130,139,0,139,1000.0,0,cahxree_2024_2025.pgn#27#ply20,2025-12-02 21:23:30,0
183,2rqk1nr/1b1nbppp/pp2p3/2ppP3/P2P1B2/2N2N2/1PP1BPPP/R2QR1K1 b k - 0 11,b,"[""g7g5""]",-21,16,-46,62,1000.0,0,cahxree_2024_2025.pgn#27#ply22,2025-12-02 21:23:30,0
184,2rqk1nr/1b1nbppp/pp2p3/3pP3/P2N1B2/2N5/1PP1BPPP/R2QR1K1 b k - 0 12,b,"[""e7c5""]",0,0,-99,99,1000.0,0,cahxree_2024_2025.pgn#27#ply24,2025-12-02 21:23:30,0
185,2rqk2r/1b3p1p/pp2p1pQ/2npPN2/P7/2N2B2/1PP2PPP/R3R1K1 b k - 0 18,b,"[""g6f5""]",86,-76,-424,348,1150.0,0,cahxree_2024_2025.pgn#27#ply36,2025-12-02 21:23:33,0
186,2rqkr2/1b3pQp/pp2P1p1/2np1p2/P7/2N2B2/1PP2PPP/R3R1K1 b - - 0 20,b,"[""f7e6""]",122,-127,-317,190,1000.0,0,cahxree_2024_2025.pgn#27#ply40,2025-12-02 21:23:34,0
187,2rqkr2/1b3pQp/pp2n1p1/3p1p2/P7/2N2B2/1PP2PPP/3RR1K1 b - - 1 21,b,"[""e8d7""]",286,-341,-404,63,1000.0,0,cahxree_2024_2025.pgn#27#ply42,2025-12-02 21:23:35,0
188,r1bqkb1r/ppp2ppp/2n5/3np3/8/3P1N2/PPPBBPPP/RN1QK2R b KQkq - 3 7,b,"[""h7h6""]",-73,72,-120,192,1000.0,0,cahxree_2024_2025.pgn#28#ply14,2025-12-02 21:23:38,0
189,r2q1rk1/ppp2ppp/2nb4/4pbB1/2P3n1/2NP1N2/PP2BPPP/R2QR1K1 b - - 6 13,b,"[""f7f6""]",-72,82,-68,150,1000.0,0,cahxree_2024_2025.pgn#28#ply26,2025-12-02 21:23:41,0
190,2br1rk1/ppp2ppp/2nq4/3Np2n/2P5/P2P1N1P/1PQ1BPP1/3RR1K1 b - - 8 20,b,"[""h5f6""]",-3,8,-134,142,1000.0,0,cahxree_2024_2025.pgn#28#ply40,2025-12-02 21:23:44,0
191,3r1rk1/pbp3pp/3q4/2P1pp2/5n2/P2P1N1P/2Q1BPP1/3RR1K1 b - - 0 25,b,"[""d6g6""]",-276,300,6,294,1000.0,0,cahxree_2024_2025.pgn#28#ply50,2025-12-02 21:23:47,1
192,3r1rk1/pbp3pp/6q1/2P1pp2/7N/P2P3P/2Q1RPP1/3R2K1 b - - 2 27,b,"[""g6f6""]",-82,69,-88,157,1000.0,0,cahxree_2024_2025.pgn#28#ply54,2025-12-02 21:23:48,0
193,3r1rk1/pbp3pp/2P5/4ppq1/7N/P2P3P/2Q1RPP1/3R2K1 b - - 0 28,b,"[""b7c6""]",96,-75,-260,185,1000.0,0,cahxree_2024_2025.pgn#28#ply56,2025-12-02 21:23:48,0
194,3r1rk1/p1p3pp/b1P5/4ppq1/8/P2P1N1P/2Q1RPP1/3R2K1 b - - 2 29,b,"[""g5f6""]",216,-239,-410,171,1000.0,0,cahxree_2024_2025.pgn#28#ply58,2025-12-02 21:23:49,0
195,3r1rk1/p1p3pp/b1P5/4Np2/5q2/P2P3P/2Q1RPP1/3R2K1 b - - 0 30,b,"[""d8d5""]",400,-409,-530,121,1000.0,0,cahxree_2024_2025.pgn#28#ply60,2025-12-02 21:23:49,0
196,r2q1rk1/pp3ppp/2nbpn2/3p3b/3P4/1PP2N1P/PB1NBPP1/R2QK2R b KQ - 2 11,b,"[""d8c7""]",-81,81,18,63,1000.0,0,cahxree_2024_2025.pgn#29#ply22,2025-12-02 21:23:55,0
197,3rr1k1/Qpq2ppp/5n2/3pb3/8/1PP2B1P/PB3PP1/R4RK1 b - - 0 19,b,"[""d8a8""]",-443,441,-101,542,1200.0,0,cahxree_2024_2025.pgn#29#ply38,2025-12-02 21:23:58,1
198,3rr1k1/1Q3ppp/5n2/3p4/8/1Pq2B1P/P4PP1/R4RK1 b - - 0 21,b,"[""h7h5""]",115,-98,-151,53,1000.0,0,cahxree_2024_2025.pgn#29#ply42,2025-12-02 21:23:59,0
199,3rr1k1/1Q3ppp/8/3B4/P7/1P5P/1q1n1PP1/2R2RK1 b - - 0 24,b,"[""d2f1""]",168,-174,-404,230,1000.0,0,cahxree_2024_2025.pgn#29#ply48,2025-12-02 21:24:01,0
200,4r1k1/5pp1/7p/3Q4/P7/1P5P/1q3PP1/3R2K1 b - - 1 27,b,"[""e8b8""]",339,-351,-446,95,1000.0,0,cahxree_2024_2025.pgn#29#ply54,2025-12-02 21:24:02,0
201,4k3/4r3/5p1p/5p2/P7/1P4PP/5PK1/8 b - - 1 44,b,"[""e7b7""]",-603,624,570,54,1050.0,0,cahxree_2024_2025.pgn#29#ply88,2025-12-02 21:24:10,0
202,4k3/8/5p1p/5p2/P4K2/1P4PP/1r3P2/8 b - - 5 46,b,"[""b2f2""]",-689,693,569,124,1050.0,0,cahxree_2024_2025.pgn#29#ply92,2025-12-02 21:24:11,0
203,4k3/8/5p1p/5K2/P7/1r4PP/5P2/8 b - - 0 47,b,"[""e8f7""]",-588,596,471,125,1050.0,0,cahxree_2024_2025.pgn#29#ply94,2025-12-02 21:24:12,0
204,r1b1k2r/1pq2ppp/p1p1p2n/2b1P2Q/4NP2/8/PPPB2PP/R3KB1R b KQkq - 4 12,b,"[""c5e7""]",204,-194,-307,113,1000.0,0,cahxree_2024_2025.pgn#30#ply24,2025-12-02 21:24:18,0
205,r1N5/2kbqppp/1b2p2n/1pp1P2Q/5PP1/1BBR4/PPP4P/2K4R b - - 0 22,b,"[""d7c8""]",187,-197,-253,56,1000.0,0,cahxree_2024_2025.pgn#30#ply44,2025-12-02 21:24:22,0
206,2r1b3/1k2qppp/4p2n/B1b1P2Q/2p2PP1/P1R5/1PP4P/2KR4 b - - 1 28,b,"[""f7f5""]",-68,64,-72,136,1000.0,0,cahxree_2024_2025.pgn#30#ply56,2025-12-02 21:24:25,0
207,2r1b3/4qppp/k3p2n/B1b1P2Q/2R2PP1/P7/1PP4P/2KR4 b - - 0 29,b,"[""c5e3""]",-220,241,-114,355,1150.0,0,cahxree_2024_2025.pgn#30#ply58,2025-12-02 21:24:26,1
208,2r1b3/4qppp/4p2n/k1b1P2Q/1PR2PP1/P7/2P4P/2KR4 b - - 0 30,b,"[""a5b5""]",108,-98,-318,220,1000.0,0,cahxree_2024_2025.pgn#30#ply60,2025-12-02 21:24:26,0
209,4b3/4qppp/k2Rp2n/2r1P2Q/2R2PP1/P7/2P4P/2K5 b - - 1 32,b,"[""e7d6""]",415,-432,-681,249,1000.0,0,cahxree_2024_2025.pgn#30#ply64,2025-12-02 21:24:27,0
210,4b3/4qppp/3Rp2n/2k1P3/5PP1/P6Q/2P4P/2K5 b - - 1 34,b,"[""e7d6""]",759,-745,-100000,99255,1150.0,0,cahxree_2024_2025.pgn#30#ply68,2025-12-02 21:24:28,0
211,r1bqkbnr/pp1ppppp/2n5/8/3NP3/8/PPP2PPP/RNBQKB1R b KQkq - 0 4,b,"[""g8f6""]",31,-30,-83,53,1000.0,0,cahxree_2024_2025.pgn#31#ply8,2025-12-02 21:24:30,0
212,r1bqkbnr/pp2pppp/3p4/8/3QP3/2N5/PPP2PPP/R1B1KB1R b KQkq - 1 6,b,"[""c8d7""]",116,-119,-185,66,1000.0,0,cahxree_2024_2025.pgn#31#ply12,2025-12-02 21:24:31,0
213,r1bqkbnr/pp3ppp/3pp3/8/2BQP3/2N5/PPP2PPP/R1B1K2R b KQkq - 1 7,b,"[""g8f6""]",78,-104,-280,176,1000.0,0,cahxree_2024_2025.pgn#31#ply14,2025-12-02 21:24:31,0
214,r1bq1rk1/4bppp/p2pp3/1pn5/4PPP1/1BN1B2P/PPPQ4/2KR3R b - - 2 14,b,"[""d8a5""]",-115,136,0,136,1000.0,0,cahxree_2024_2025.pgn#31#ply28,2025-12-02 21:24:35,0
215,r4rk1/1b2bppp/p3p3/1p6/2p1PPP1/P1N4P/BPPR4/2K4R b - - 0 18,b,"[""b7c6""]",-245,250,-285,535,1150.0,0,cahxree_2024_2025.pgn#31#ply36,2025-12-02 21:24:37,1
216,r4rk1/1b1Rbppp/p7/1p2p3/2p1PPP1/P1N4P/BPP5/2K4R b - - 1 19,b,"[""e7c5""]",269,-286,-413,127,1000.0,0,cahxree_2024_2025.pgn#31#ply38,2025-12-02 21:24:37,0
217,4r1k1/1b3ppp/p7/1p6/2P1PpP1/P1N4P/B1P5/2K4R b - - 0 23,b,"[""g7g5""]",453,-447,-528,81,1000.0,0,cahxree_2024_2025.pgn#31#ply46,2025-12-02 21:24:39,0
218,8/5R1p/3k1p2/8/5rP1/K6P/B1P5/q7 b - - 5 38,b,"[""f4f3""]",-100000,100000,708,99292,1250.0,1,cahxree_2024_2025.pgn#31#ply76,2025-12-02 21:24:46,1
219,rnbqkb1r/pp3ppp/4pn2/2p5/2B2P2/2NP1N2/PPP3PP/R1BQK2R b KQkq - 0 7,b,"[""b8c6""]",-15,14,-46,60,1000.0,0,cahxree_2024_2025.pgn#32#ply14,2025-12-02 21:24:50,0
220,r1bqkb1r/pp3p1p/2n1pnp1/2p1N3/2B2P2/2NP4/PPP3PP/R1BQ1RK1 b kq - 3 9,b,"[""c8d7""]",29,-36,-199,163,1000.0,0,cahxree_2024_2025.pgn#32#ply18,2025-12-02 21:24:51,0
221,r1b1kb1r/pp3p1p/2n1pnp1/2p1N3/2Bq1P2/2NP4/PPP3PP/R1BQ1R1K b kq - 5 10,b,"[""f8e7""]",189,-180,-340,160,1000.0,0,cahxree_2024_2025.pgn#32#ply20,2025-12-02 21:24:51,0
222,r1b1kb1r/pp3p1p/4pnp1/2p1P3/2Bq4/2NP4/PPP3PP/R1BQ1R1K b kq - 0 11,b,"[""d4e5""]",380,-389,-505,116,1000.0,0,cahxree_2024_2025.pgn#32#ply22,2025-12-02 21:24:52,0
223,r1b1kb1r/pp3p1p/4p1p1/1Bp1n3/3q4/2NP1Q2/PPP3PP/R1B2R1K b kq - 1 13,b,"[""c8d7""]",419,-401,-626,225,1000.0,0,cahxree_2024_2025.pgn#32#ply26,2025-12-02 21:24:53,0
224,r6r/ppn2ppp/2pk1p2/8/P2P4/3K1N2/1P3PPP/R3R3 b - - 0 17,b,"[""a7a5""]",-202,206,129,77,1000.0,0,cahxree_2024_2025.pgn#33#ply34,2025-12-02 21:25:03,0
225,r3r3/1pn2ppp/p1pk1p2/8/PP1P4/3K4/3N1PPP/R3R3 b - - 2 19,b,"[""c7d5""]",-196,216,85,131,1000.0,0,cahxree_2024_2025.pgn#33#ply38,2025-12-02 21:25:04,0
226,r7/1p3ppp/p1pk1p2/3n4/PPNP4/3K4/5PPP/4R3 b - - 2 21,b,"[""d6c7""]",-160,158,102,56,1000.0,0,cahxree_2024_2025.pgn#33#ply42,2025-12-02 21:25:05,0
227,r7/3k1ppp/2p2p2/Np1n4/1P1P4/3K4/5PPP/1R6 b - - 1 24,b,"[""d5b4""]",-409,434,217,217,1050.0,0,cahxree_2024_2025.pgn#33#ply48,2025-12-02 21:25:06,1
228,r7/3k1ppp/2p2p2/Np6/1P1PKn2/8/5PPP/1R6 b - - 3 25,b,"[""f4d5""]",-386,409,192,217,1050.0,0,cahxree_2024_2025.pgn#33#ply50,2025-12-02 21:25:07,1
229,r7/1N1k1ppp/2p2pn1/1p6/1P1PK3/8/5PPP/1R6 b - - 5 26,b,"[""g6e7""]",-288,299,247,52,1000.0,0,cahxree_2024_2025.pgn#33#ply52,2025-12-02 21:25:07,0
230,8/3k1ppp/2p2pn1/1pN5/1P1PK3/8/r4PPP/1R6 b - - 7 27,b,"[""d7d6""]",-282,296,241,55,1000.0,0,cahxree_2024_2025.pgn#33#ply54,2025-12-02 21:25:08,0
231,8/2k2p1p/2p2pp1/1p1n4/1P1P1NPP/1R3K2/5P2/4r3 b - - 4 33,b,"[""d5f4""]",-296,274,60,214,1000.0,0,cahxree_2024_2025.pgn#33#ply66,2025-12-02 21:25:11,1
232,rnbqkb1r/pppp1ppp/5n2/4N3/4P3/8/PPPP1PPP/RNBQKB1R b KQkq - 0 3,b,"[""d7d6""]",47,-50,-103,53,1000.0,0,cahxree_2024_2025.pgn#34#ply6,2025-12-02 21:25:12,0
233,rnb1kb1r/ppp1qppp/3p4/8/3Pn3/5N2/PPP1BPPP/RNBQK2R b KQkq - 1 6,b,"[""e7d8""]",106,-101,-166,65,1000.0,0,cahxree_2024_2025.pgn#34#ply12,2025-12-02 21:25:13,0
234,2kr1b1r/pppnqppp/3p4/8/3Pn3/5B1P/PPP2PP1/RNBQR1K1 b - - 2 10,b,"[""d6d5""]",218,-183,-234,51,1000.0,0,cahxree_2024_2025.pgn#34#ply20,2025-12-02 21:25:15,0
235,2kr1b1r/ppp1q1pp/5n2/3p1pB1/3Pn3/2NQ1B1P/PPP2PP1/R3R1K1 b - - 1 13,b,"[""e7f7""]",-49,49,-20,69,1000.0,0,cahxree_2024_2025.pgn#34#ply26,2025-12-02 21:25:17,0
236,2kr1b1r/1pp3pp/p4q2/3p1p2/3Pn3/2NQ3P/PPP2PP1/R2BR1K1 b - - 1 15,b,"[""h7h5""]",-199,216,163,53,1000.0,0,cahxree_2024_2025.pgn#34#ply30,2025-12-02 21:25:18,0
237,2kr1b1r/1pp3pp/p7/3p1p2/3Pn2q/2N2Q1P/PPP2PP1/R2BR1K1 b - - 3 16,b,"[""g7g6""]",-190,170,114,56,1000.0,0,cahxree_2024_2025.pgn#34#ply32,2025-12-02 21:25:18,0
238,1k1r3r/1pp3pp/p7/3p1p2/3Pn2q/P1P2Q1P/2P1BPP1/R3R1K1 b - - 2 19,b,"[""g7g6""]",-159,171,-10,181,1000.0,0,cahxree_2024_2025.pgn#34#ply38,2025-12-02 21:25:20,0
239,1k1r3r/1pp3pp/p7/3p4/2PPnp1q/P4Q1P/2P1BPP1/R3R1K1 b - - 0 20,b,"[""e4d2""]",-65,79,-84,163,1000.0,0,cahxree_2024_2025.pgn#34#ply40,2025-12-02 21:25:20,0
240,rnb1kbnr/pp2pppp/2p5/q7/3N4/2N5/PPPP1PPP/R1BQKB1R b KQkq - 1 5,b,"[""g8f6""]",13,-10,-73,63,1000.0,0,cahxree_2024_2025.pgn#35#ply10,2025-12-02 21:25:23,0
241,rb1q1rk1/1p1n1ppp/p1p1p3/8/4PP2/PN2B1P1/1PP4P/R2QR1K1 b - - 1 17,b,"[""b7b5""]",36,-36,-101,65,1000.0,0,cahxree_2024_2025.pgn#35#ply34,2025-12-02 21:25:28,0
242,rb1q1rk1/1p3ppp/p1p1p3/4P3/2P2P2/PN2R1P1/1P5P/R2Q2K1 b - - 0 20,b,"[""b8a7""]",1,0,-81,81,1000.0,0,cahxree_2024_2025.pgn#35#ply40,2025-12-02 21:25:30,0
243,r2q1rk1/bp3ppp/2p1p3/2N1P3/1PP2P2/4R1P1/7P/R2Q2K1 b - - 0 23,b,"[""d8e7""]",-237,235,153,82,1000.0,0,cahxree_2024_2025.pgn#35#ply46,2025-12-02 21:25:31,0
244,3q1rk1/1p3ppp/2p1p3/2P1P3/2P2P2/4R1P1/7P/Q5K1 b - - 0 25,b,"[""g7g6""]",-130,150,96,54,1000.0,0,cahxree_2024_2025.pgn#35#ply50,2025-12-02 21:25:32,0
245,r7/1R3pkp/2p1p1p1/2P1P3/2P2Pq1/3Q2P1/7P/6K1 b - - 0 31,b,"[""h7h5""]",-79,78,9,69,1000.0,0,cahxree_2024_2025.pgn#35#ply62,2025-12-02 21:25:35,0
246,r2qk2r/4ppbp/p2p1np1/npp3B1/3P2b1/2P1PN2/PP1N1PPP/RB1QK2R b KQkq - 1 12,b,"[""c5d4""]",-27,29,-46,75,1000.0,0,cahxree_2024_2025.pgn#36#ply24,2025-12-02 21:25:43,0
247,r2qk2r/3bpp1p/p2p1bp1/np6/2pP2P1/2P1PN1P/PP1N1P2/RB1QK2R b KQkq - 0 15,b,"[""f6g7""]",-80,89,15,74,1000.0,0,cahxree_2024_2025.pgn#36#ply30,2025-12-02 21:25:45,0
248,r3k2r/4ppb1/p1n3pp/1p1q4/2pPN1P1/2P2N1P/PP2QP2/R3K2R b KQkq - 3 22,b,"[""e8g8""]",-93,98,-89,187,1000.0,0,cahxree_2024_2025.pgn#36#ply44,2025-12-02 21:25:48,0
249,2kr3r/4p3/p1n1Q2p/1pq2p2/2pN4/2P4P/PP3P2/2KR3R b - - 2 27,b,"[""c8b7""]",59,-71,-805,734,1150.0,0,cahxree_2024_2025.pgn#36#ply54,2025-12-02 21:25:51,0
250,rnbqkbnr/pppp1ppp/4p3/8/4P3/5N2/PPPP1PPP/RNBQKB1R b KQkq - 1 2,b,"[""d7d5""]",23,-21,-87,66,1000.0,0,cahxree_2024_2025.pgn#37#ply4,2025-12-02 21:25:52,0
251,rn1qkbnr/pbpp1ppp/1p2p3/8/3PP3/2N2N2/PPP2PPP/R1BQKB1R b KQkq - 2 4,b,"[""f8b4""]",66,-74,-150,76,1000.0,0,cahxree_2024_2025.pgn#37#ply8,2025-12-02 21:25:53,0
252,rn1qkb1r/pbpp2pp/1p2ppn1/8/3PP3/2N2NB1/PPP2PPP/R2QKB1R b KQkq - 3 7,b,"[""f8b4""]",97,-90,-225,135,1000.0,0,cahxree_2024_2025.pgn#37#ply14,2025-12-02 21:25:54,0
253,rn1qkb1r/pbp3pp/1p1p1pn1/4p2P/3PP3/2N2NB1/PPP2PP1/R2QKB1R b KQkq - 0 9,b,"[""g6e7""]",259,-234,-329,95,1000.0,0,cahxree_2024_2025.pgn#37#ply18,2025-12-02 21:25:55,0
254,r2qkb1r/pbpn2pp/1p1p1p2/1B1P3P/4Pp2/2N2N2/PPP2PP1/R2QK2R b KQkq - 2 12,b,"[""d8e7""]",336,-324,-386,62,1000.0,0,cahxree_2024_2025.pgn#37#ply24,2025-12-02 21:25:57,0
255,2kr1b1r/1bp3pp/pp3q2/3P1p1P/5Q2/2N2N2/PPP2PP1/2KR3R b - - 2 19,b,"[""f8d6""]",41,-48,-202,154,1000.0,0,cahxree_2024_2025.pgn#37#ply38,2025-12-02 21:26:00,0
256,1k2r2r/1bp3N1/pp1b1p1p/3P3P/8/2N5/PPP2PP1/2KR3R b - - 3 24,b,"[""e8g8""]",86,-77,-194,117,1000.0,0,cahxree_2024_2025.pgn#37#ply48,2025-12-02 21:26:02,0
257,1k5r/1bp3N1/pp1b1p1p/3Pr2P/5P2/2N5/PPP3P1/2KR3R b - - 0 25,b,"[""e5e7""]",99,-90,-274,184,1000.0,0,cahxree_2024_2025.pgn#37#ply50,2025-12-02 21:26:03,0
258,r2qk2r/ppp1bppp/2bp1n2/6B1/3QP3/2N2N2/PPP2PPP/2KR3R b kq - 5 9,b,"[""e8g8""]",45,-35,-164,129,1000.0,0,cahxree_2024_2025.pgn#38#ply18,2025-12-02 21:26:07,0
259,5rk1/ppp1q1pp/2b5/4p3/8/6Q1/PPP3PP/2KNR3 b - - 1 18,b,"[""e7f7""]",-228,238,105,133,1000.0,0,cahxree_2024_2025.pgn#38#ply36,2025-12-02 21:26:12,0
260,6k1/ppp1q1pp/2b2r2/8/8/4p1Q1/PPP3PP/1K1NR3 b - - 1 21,b,"[""f6g6""]",-242,246,168,78,1000.0,0,cahxree_2024_2025.pgn#38#ply42,2025-12-02 21:26:13,0
261,6k1/ppp1q1pp/2b2r2/8/8/4N1Q1/PPP1p1PP/1K2R3 b - - 1 22,b,"[""f6g6""]",-150,207,-323,530,1150.0,0,cahxree_2024_2025.pgn#38#ply44,2025-12-02 21:26:13,1
262,6k1/ppp1q1pp/5r2/1b1N4/8/6Q1/PPP1p1PP/1K2R3 b - - 3 23,b,"[""e7d8""]",375,-360,-494,134,1000.0,0,cahxree_2024_2025.pgn#38#ply46,2025-12-02 21:26:14,0
263,6k1/ppp2qpp/5N2/1b6/8/6Q1/PPP1p1PP/1K2R3 b - - 0 24,b,"[""g8h8""]",568,-580,-658,78,1000.0,0,cahxree_2024_2025.pgn#38#ply48,2025-12-02 21:26:14,0
264,rnbqkb1r/pppp1ppp/5n2/4p3/4P3/2N2N2/PPPP1PPP/R1BQKB1R b KQkq - 3 3,b,"[""b8c6""]",23,-31,-104,73,1000.0,0,cahxree_2024_2025.pgn#39#ply6,2025-12-02 21:26:16,0
265,r1b1r1k1/ppp2pp1/2np4/6B1/7P/3Q4/PPP2qP1/2K2R1R b - - 1 17,b,"[""f2c5""]",-431,458,315,143,1050.0,0,cahxree_2024_2025.pgn#39#ply34,2025-12-02 21:26:23,0
266,r1b1r1k1/ppp2pp1/2np4/6B1/4q2P/8/PPPQ4/2K2RR1 b - - 3 19,b,"[""c6d4""]",-478,471,306,165,1050.0,0,cahxree_2024_2025.pgn#39#ply38,2025-12-02 21:26:24,0
267,r3r1k1/ppp2p2/2np1Bp1/5b1P/4q3/8/PPPQ4/2K2RR1 b - - 0 21,b,"[""e8e6""]",-360,368,143,225,1000.0,0,cahxree_2024_2025.pgn#39#ply42,2025-12-02 21:26:25,1
268,7B/ppp2k2/2np4/5p2/8/8/PPP2K2/8 b - - 3 29,b,"[""c6b4""]",-557,551,459,92,1050.0,0,cahxree_2024_2025.pgn#39#ply58,2025-12-02 21:26:29,0
269,5B2/ppp5/3p4/4n3/4k3/1P3p2/P1P5/5K2 b - - 1 35,b,"[""e5g4""]",-644,644,547,97,1050.0,0,cahxree_2024_2025.pgn#39#ply70,2025-12-02 21:26:31,0
270,r1b1k2r/ppqpppbp/2n3p1/8/4P3/2PBPN2/PPQN2PP/R4RK1 b kq - 0 11,b,"[""g7h6""]",-143,139,57,82,1000.0,0,cahxree_2024_2025.pgn#40#ply22,2025-12-02 21:26:38,0
271,8/7p/6pk/1p3p2/pR2p2q/P1P1P3/1P1R2P1/5K2 b - - 7 36,b,"[""h6g5""]",-318,324,0,324,1150.0,0,cahxree_2024_2025.pgn#40#ply72,2025-12-02 21:26:50,1
272,8/7p/6pk/1p6/p3Rp1q/P1P1P3/1P1R2P1/5K2 b - - 0 37,b,"[""h4h1""]",0,0,-104,104,1000.0,0,cahxree_2024_2025.pgn#40#ply74,2025-12-02 21:26:50,0
273,8/6k1/8/1p4qp/p3R3/P1P2R2/1P4PK/8 b - - 2 48,b,"[""g5d5""]",227,-225,-564,339,1150.0,0,cahxree_2024_2025.pgn#40#ply96,2025-12-02 21:26:55,0
274,8/6k1/8/1p4q1/p3R2p/P1P4R/1P4PK/8 b - - 1 49,b,"[""g5d5""]",426,-429,-528,99,1000.0,0,cahxree_2024_2025.pgn#40#ply98,2025-12-02 21:26:56,0
275,8/8/8/1p2k3/pR4R1/P1P1q3/1P4PK/8 b - - 12 56,b,"[""e5d6""]",269,-273,-350,77,1000.0,0,cahxree_2024_2025.pgn#40#ply112,2025-12-02 21:26:59,0
276,8/8/8/1p2k3/pR4R1/P1P1q3/1P4P1/5K2 b - - 16 58,b,"[""e3c1""]",279,-284,-340,56,1000.0,0,cahxree_2024_2025.pgn#40#ply116,2025-12-02 21:27:00,0
277,8/8/8/1p2k3/pR4R1/P1P3K1/1P1q2P1/8 b - - 24 62,b,"[""d2e3""]",300,-307,-382,75,1000.0,0,cahxree_2024_2025.pgn#40#ply124,2025-12-02 21:27:02,0
278,r1bqkbnr/pppp1ppp/2n5/4p3/8/2NPP3/PPP2PPP/R1BQKBNR b KQkq - 2 3,b,"[""d7d5""]",-65,48,-13,61,1000.0,0,cahxree_2024_2025.pgn#42#ply6,2025-12-02 21:27:04,0
279,r1bqk1nr/ppp1nppp/1b1p4/3P4/8/2NB1N2/PPP2PPP/R1BQK2R b KQkq - 2 8,b,"[""h7h6""]",31,-30,-108,78,1000.0,0,cahxree_2024_2025.pgn#42#ply16,2025-12-02 21:27:07,0
280,2kr2nr/pppqnppp/1b1p4/3P2B1/6P1/2NQ1N1P/PPP2P2/2KRR3 b - - 4 14,b,"[""h7h5""]",28,-22,-94,72,1000.0,0,cahxree_2024_2025.pgn#42#ply28,2025-12-02 21:27:10,0
281,2kr2nr/pppqnppp/1b1p4/3P2B1/6P1/2NQ1N1P/PPP1R3/2K1R3 b - - 3 16,b,"[""e7g6""]",-3,14,-59,73,1000.0,0,cahxree_2024_2025.pgn#42#ply32,2025-12-02 21:27:11,0
282,2kr3r/pppqn1pp/1b3p2/3Pp1P1/4N3/3Q1N1P/PPP1R3/2K1R3 b - - 2 21,b,"[""e7d5""]",-347,348,169,179,1000.0,0,cahxree_2024_2025.pgn#42#ply42,2025-12-02 21:27:13,0
283,2kr3r/pppqn1pp/1b6/3PNpP1/4N3/3Q3P/PPP1R3/2K1R3 b - - 0 22,b,"[""d7d5""]",-173,176,-8,184,1000.0,0,cahxree_2024_2025.pgn#42#ply44,2025-12-02 21:27:14,0
284,2kr3r/1pp1R1pp/1p6/3P2P1/8/3p3P/PPP5/2K1R3 b - - 0 25,b,"[""d8d5""]",0,3,-105,108,1000.0,0,cahxree_2024_2025.pgn#42#ply50,2025-12-02 21:27:15,0
285,2kr4/1pp3Rp/1p6/2r3P1/7P/8/PPp5/2K1R3 b - - 2 29,b,"[""d8h8""]",83,-83,-375,292,1000.0,0,cahxree_2024_2025.pgn#42#ply58,2025-12-02 21:27:17,0
286,r1bqkbnr/pppp1ppp/2n5/4p3/3PP3/5N2/PPP2PPP/RNBQKB1R b KQkq - 0 3,b,"[""e5d4""]",5,-1,-75,74,1000.0,0,cahxree_2024_2025.pgn#43#ply6,2025-12-02 21:27:18,0
287,r1b1k1nr/ppp2ppp/2n5/3q4/2PPp3/5N2/P1PB1PPP/R2QKB1R b KQkq - 0 8,b,"[""d5f5""]",-93,113,6,107,1000.0,0,cahxree_2024_2025.pgn#43#ply16,2025-12-02 21:27:21,0
288,r1b1k1nr/ppp2ppp/2n5/7q/2PPp3/5N2/P1PBQPPP/R3KB1R b KQkq - 2 9,b,"[""g8f6""]",-16,8,-217,225,1000.0,0,cahxree_2024_2025.pgn#43#ply18,2025-12-02 21:27:21,0
289,r3k2r/ppp1nppp/2n5/7q/2PP1Q2/5N2/P1bB1PPP/2R1KB1R b Kkq - 1 12,b,"[""c2a4""]",267,-282,-419,137,1000.0,0,cahxree_2024_2025.pgn#43#ply24,2025-12-02 21:27:23,0
290,2kr3r/ppp1np1p/6b1/3P4/1nP3P1/5N2/P2B1P1P/2R1KB1R b K - 2 17,b,"[""h8e8""]",-52,44,-252,296,1000.0,0,cahxree_2024_2025.pgn#43#ply34,2025-12-02 21:27:25,0
291,2k4r/ppp1np1p/8/3P4/2P3P1/2R2n2/P4P1P/3K3R b - - 1 23,b,"[""f3e5""]",-63,72,-322,394,1150.0,0,cahxree_2024_2025.pgn#43#ply46,2025-12-02 21:27:28,0
292,2kr4/ppp2p1p/3P2n1/2P3n1/6P1/2R5/P4P1P/3KR3 b - - 0 26,b,"[""g5e6""]",-103,117,66,51,1000.0,0,cahxree_2024_2025.pgn#43#ply52,2025-12-02 21:27:30,0
293,2kr4/ppp2p1p/3P4/2P3n1/5nP1/2R5/P4P1P/2K1R3 b - - 2 27,b,"[""g5e6""]",-117,114,36,78,1000.0,0,cahxree_2024_2025.pgn#43#ply54,2025-12-02 21:27:30,0
294,rnbqk2r/pppp1ppp/5n2/2b1p3/4P3/2NP1N2/PPP2PPP/R1BQKB1R b KQkq - 2 4,b,"[""f6g4""]",-69,70,-2,72,1000.0,0,cahxree_2024_2025.pgn#44#ply8,2025-12-02 21:27:32,0
295,r3k2r/pp1nq1pp/2pppn2/2b5/N3PB2/7P/PPP1BPP1/R2QK2R b KQkq - 3 11,b,"[""e6e5""]",-94,83,-42,125,1000.0,0,cahxree_2024_2025.pgn#44#ply22,2025-12-02 21:27:35,0
296,2kr3r/pp1nq1pp/2pppn2/8/Nb2PB2/2P4P/P3BPP1/R2QK2R b KQ - 0 13,b,"[""b4c5""]",-176,172,40,132,1000.0,0,cahxree_2024_2025.pgn#44#ply26,2025-12-02 21:27:36,0
297,2kr3r/pp1n1qpp/2pBpn2/b7/N3P3/2P4P/P3BPP1/1R1QK2R b K - 2 15,b,"[""f6e4""]",-339,349,45,304,1150.0,0,cahxree_2024_2025.pgn#44#ply30,2025-12-02 21:27:37,1
298,2kr3r/pp3qpp/1npBp3/b3P3/N3n3/2P4P/P3BPP1/1R1Q1RK1 b - - 2 17,b,"[""e4d6""]",-19,17,-396,413,1150.0,0,cahxree_2024_2025.pgn#44#ply34,2025-12-02 21:27:38,0
299,2kr3r/pp3qpp/2pBp3/b2nP3/N3n3/1QP4P/P3BPP1/1R3RK1 b - - 4 18,b,"[""e4d2""]",133,-107,-359,252,1000.0,0,cahxree_2024_2025.pgn#44#ply36,2025-12-02 21:27:39,0
300,2kr3r/pR4pp/2pBp3/b2nP3/N7/2n4P/P3BPP1/5RK1 b - - 0 20,b,"[""c3e2""]",-600,596,465,131,1050.0,0,cahxree_2024_2025.pgn#44#ply40,2025-12-02 21:27:40,0
301,3r3r/pk4pp/2pBp3/b1NnP3/8/2n4P/P3BPP1/5RK1 b - - 1 21,b,"[""b7b6""]",-478,481,-100000,100481,1200.0,0,cahxree_2024_2025.pgn#44#ply42,2025-12-02 21:27:40,1
302,r1bqr1k1/1pp2ppp/p1nb1n2/3pp3/1PP5/P2P1NP1/1B1NPPBP/R2Q1RK1 b - - 0 10,b,"[""e5e4""]",22,-21,-76,55,1000.0,0,cahxree_2024_2025.pgn#45#ply20,2025-12-02 21:27:45,0
303,r2qrbk1/1pp2ppp/p1n2n2/2P1p3/1PNp2bN/P2P2P1/1B2PPBP/R2Q1RK1 b - - 4 13,b,"[""f6d5""]",-31,10,-45,55,1000.0,0,cahxree_2024_2025.pgn#45#ply26,2025-12-02 21:27:46,0
304,r2qrbk1/1pp2p1p/p1n2n2/2P1p1p1/1PNp2b1/P2P1NP1/1B2PPBP/R2Q1RK1 b - - 1 14,b,"[""h7h6""]",47,-53,-125,72,1000.0,0,cahxree_2024_2025.pgn#45#ply28,2025-12-02 21:27:47,0
305,r2qrbk1/1pp2p1p/p1n2n2/2P1p1p1/1PNp4/P2P1BP1/1B2PP1P/R2Q1RK1 b - - 0 15,b,"[""e5e4""]",132,-112,-177,65,1000.0,0,cahxree_2024_2025.pgn#45#ply30,2025-12-02 21:27:47,0
306,1r2rbk1/2p2p1p/p1p2n2/2Pqp1p1/1PN5/P2PP1P1/1B2Q2P/R4RK1 b - - 0 19,b,"[""f6d7""]",211,-212,-289,77,1000.0,0,cahxree_2024_2025.pgn#45#ply38,2025-12-02 21:27:49,0
307,1r2r1k1/2pn1pbp/p1p5/2Pqp1R1/1PN5/P2PP1P1/1B2Q2P/R5K1 b - - 0 21,b,"[""f7f6""]",293,-283,-357,74,1000.0,0,cahxree_2024_2025.pgn#45#ply42,2025-12-02 21:27:50,0
308,1r6/2pn1rbk/p1p1qp1p/2P1pR1R/1PN1P3/P2P2P1/4Q2P/2B3K1 b - - 5 27,b,"[""b8h8""]",439,-427,-501,74,1000.0,0,cahxree_2024_2025.pgn#45#ply54,2025-12-02 21:27:53,0
309,8/2p2rbk/p1p2p1B/2P1p2R/2N1P3/P2P2PR/6KP/1r6 b - - 1 34,b,"[""h7g6""]",624,-622,-688,66,1000.0,0,cahxree_2024_2025.pgn#45#ply68,2025-12-02 21:27:56,0
310,rnbqk2r/ppp1ppbp/3p1np1/8/4P3/1PN2N2/PBPP1PPP/R2QKB1R b KQkq - 3 5,b,"[""f6e4""]",-150,160,32,128,1000.0,0,cahxree_2024_2025.pgn#46#ply10,2025-12-02 21:27:59,0
311,rnb2rk1/ppq1ppbp/3p1np1/8/N2NP3/1P1B4/PBP2PPP/R2Q1RK1 b - - 4 10,b,"[""c8d7""]",-23,21,-30,51,1000.0,0,cahxree_2024_2025.pgn#46#ply20,2025-12-02 21:28:01,0
312,r4rk1/1pq1pp1p/p1bp2p1/8/2PbNP2/1P1B4/P5PP/1R1Q1R1K b - - 3 17,b,"[""e7e6""]",-222,224,41,183,1000.0,0,cahxree_2024_2025.pgn#46#ply34,2025-12-02 21:28:05,0
313,r6r/1pq1ppk1/p1bp1b2/5PP1/2P5/1P1B2Q1/P5P1/1R3RK1 b - - 2 25,b,"[""c7b6""]",-604,625,464,161,1050.0,0,cahxree_2024_2025.pgn#46#ply50,2025-12-02 21:28:08,0
314,r6r/1pq1ppk1/p1bp4/5PP1/2Pb4/1P1B2Q1/P4RP1/1R4K1 b - - 4 26,b,"[""c7b6""]",-501,502,406,96,1050.0,0,cahxree_2024_2025.pgn#46#ply52,2025-12-02 21:28:09,0
315,r6r/1p2kp2/p1bp4/8/2Pq1R2/1P1B2Q1/P3K1P1/8 b - - 3 32,b,"[""a8g8""]",-620,640,584,56,1050.0,0,cahxree_2024_2025.pgn#46#ply64,2025-12-02 21:28:12,0
316,r6r/1p2kp2/p1bp4/4q3/2P2R2/1P1B2Q1/P2K2P1/8 b - - 5 33,b,"[""a8g8""]",-767,794,531,263,1050.0,0,cahxree_2024_2025.pgn#46#ply66,2025-12-02 21:28:12,1
317,r5r1/1p2kp2/p1bp4/4q3/2P2R1Q/1P1B4/P2K2P1/8 b - - 7 34,b,"[""e7f8""]",-559,567,452,115,1050.0,0,cahxree_2024_2025.pgn#46#ply68,2025-12-02 21:28:13,0
318,rnbqkbnr/pppppppp/8/8/4P3/8/PPPP1PPP/RNBQKBNR b KQkq - 0 1,b,"[""e7e5""]",21,-37,-94,57,1000.0,0,cahxree_2024_2025.pgn#47#ply2,2025-12-02 21:28:13,0
319,r2q1rk1/pbppbppp/1pn1p3/4P3/2PP4/P4N2/1PQ1BPPP/R1B2RK1 b - - 0 11,b,"[""d7d6""]",77,-84,-261,177,1000.0,0,cahxree_2024_2025.pgn#47#ply22,2025-12-02 21:28:18,0
320,r2q1rk1/pbppbpp1/1pn1p2p/4P3/2PP4/P2Q1N2/1P2BPPP/R1B2RK1 b - - 1 12,b,"[""d7d5""]",43,-34,-199,165,1000.0,0,cahxree_2024_2025.pgn#47#ply24,2025-12-02 21:28:19,0
321,r2q1rk1/1bp1npp1/1p1bp2p/p7/2PP4/P2QBN2/1PB2PPP/R4RK1 b - - 3 16,b,"[""e7f5""]",-72,65,-227,292,1000.0,0,cahxree_2024_2025.pgn#47#ply32,2025-12-02 21:28:20,0
322,r4rk1/2p3p1/1p1bp2p/p4p2/2PP1n1q/P3B3/1PB2P1P/R3RQ1K b - - 1 21,b,"[""f4d3""]",-368,368,193,175,1000.0,0,cahxree_2024_2025.pgn#47#ply42,2025-12-02 21:28:23,0
323,4rrk1/2p3p1/1p1bp2p/p4p2/2PP1n1q/P3B3/1PB2P1P/R3R1QK b - - 3 22,b,"[""f4h3""]",-512,509,49,460,1200.0,0,cahxree_2024_2025.pgn#47#ply44,2025-12-02 21:28:23,1
324,4r1k1/2p3p1/1p1bpr1p/p4p2/2PP1B1q/P7/1PB2P1P/R3R1QK b - - 0 23,b,"[""d6f4""]",-567,503,430,73,1050.0,0,cahxree_2024_2025.pgn#47#ply46,2025-12-02 21:28:24,0
325,rnbqkbnr/ppp2ppp/3p4/4p3/2B1P3/5N2/PPPP1PPP/RNBQK2R b KQkq - 1 3,b,"[""f8e7""]",18,-24,-80,56,1000.0,0,cahxree_2024_2025.pgn#48#ply6,2025-12-02 21:28:26,0
326,r1bqkbnr/pppn1pp1/3p3p/8/2BNP3/2N5/PPP2PPP/R1BQK2R b KQkq - 2 6,b,"[""g7g6""]",114,-110,-167,57,1000.0,0,cahxree_2024_2025.pgn#48#ply12,2025-12-02 21:28:27,0
327,r1bqkb1r/ppp2pp1/3p1n1p/4n3/3NP3/1BN5/PPP2PPP/R1BQ1RK1 b kq - 6 8,b,"[""f8e7""]",128,-115,-217,102,1000.0,0,cahxree_2024_2025.pgn#48#ply16,2025-12-02 21:28:28,0
328,r1bqkb1r/ppp2p2/3p1nnp/8/3NP3/1BN3B1/PPP3PP/R2Q1RK1 b kq - 2 11,b,"[""f8g7""]",248,-263,-100000,99737,1150.0,0,cahxree_2024_2025.pgn#48#ply22,2025-12-02 21:28:30,0
329,rnbqkb1r/ppp2ppp/4pn2/3p4/2PP4/2N1P3/PP3PPP/R1BQKBNR b KQkq - 0 4,b,"[""f8e7""]",-5,0,-50,50,1000.0,0,cahxree_2024_2025.pgn#49#ply8,2025-12-02 21:28:32,0
330,r1bqk2r/ppp2ppp/2n1pn2/3p4/1bPP4/2NBPN2/PP3PPP/R1BQK2R b KQkq - 4 6,b,"[""e8g8""]",29,-25,-87,62,1000.0,0,cahxree_2024_2025.pgn#49#ply12,2025-12-02 21:28:32,0
331,r1bqk2r/ppp3pp/2n1p3/3p1p2/2PPn3/P1PBPN2/2Q2PPP/R1B1K2R b KQkq - 0 9,b,"[""c6a5""]",79,-74,-150,76,1000.0,0,cahxree_2024_2025.pgn#49#ply18,2025-12-02 21:28:34,0
332,r1b1k2r/ppp4p/4p3/2q1Ppp1/P1P1pP2/2P1P3/2Q3PP/R1B1K2R b KQkq f3 0 14,b,"[""e4f3""]",-282,310,98,212,1000.0,0,cahxree_2024_2025.pgn#49#ply28,2025-12-02 21:28:36,1
333,r1b1k2r/ppp5/4p3/4Pp1p/P1q1pPp1/2P1P3/2Q2KPP/R1BR4 b kq - 1 17,b,"[""c8d7""]",-116,139,87,52,1000.0,0,cahxree_2024_2025.pgn#49#ply34,2025-12-02 21:28:38,0
334,r1b1k2r/ppp5/2q1p3/4Pp2/P2RpP1p/B1P1P3/2Q3PK/R7 b kq - 2 21,b,"[""c8d7""]",-115,116,-116,232,1000.0,0,cahxree_2024_2025.pgn#49#ply42,2025-12-02 21:28:40,0
335,r3k2r/p1p5/1pqRp3/4Pp2/P3pP1p/BQPbP3/6PK/3R4 b kq - 5 24,b,"[""c7d6""]",-183,185,-239,424,1150.0,0,cahxree_2024_2025.pgn#49#ply48,2025-12-02 21:28:41,0
336,r3k2r/p1p5/1pR1p3/4Pp2/P3pP1p/BbP1P3/3R2PK/8 b kq - 3 27,b,"[""a8d8""]",-303,314,44,270,1000.0,0,cahxree_2024_2025.pgn#49#ply54,2025-12-02 21:28:43,1
